{"node": {"type": "node", "pos": [0, 0], "size": {"min": 50, "max": 50, "cur": 0}, "color": [174, 167, 165], "children": [{"type": "selector", "pos": [150, 360], "size": {"min": 50, "max": 50, "cur": 50}, "color": [128, 164, 128], "children": [{"type": "selector", "pos": [344.62565607617347, 337.03987707511715], "size": {"min": 50, "max": 50, "cur": 50}, "color": [136, 139, 164], "children": [{"type": "selector", "pos": [541.5770333613968, 334.03632344687463], "size": {"min": 50, "max": 50, "cur": 50}, "color": [162, 131, 170], "children": [{"type": "selector", "pos": [721.266824990154, 279.1788141820964], "size": {"min": 50, "max": 50, "cur": 50}, "color": [202.5, 206.5, 205.0], "children": [{"type": "selector", "pos": [797.4818355771556, 108.28429479893288], "size": {"min": 50, "max": 50, "cur": 50}, "color": [130, 147, 139], "children": [{"type": "selector", "pos": [614.9248864425047, 146.65686863904864], "size": {"min": 50, "max": 50, "cur": 50}, "color": [150, 127, 141], "children": [], "text": "id,n", "opts": [[0.7, [64, 255, 64], "add"], [1.3, [255, 64, 64], "del"]]}], "text": "[ n ]", "opts": [[0.7, [64, 255, 64], "add"], [1.3, [255, 64, 64], "del"]]}, {"type": "selector", "pos": [912.937490608506, 237.21508397075715], "size": {"min": 50, "max": 50, "cur": 50}, "color": [146, 129, 140], "children": [], "text": "n 2 lt", "opts": [[0.7, [64, 255, 64], "add"], [1.3, [255, 64, 64], "del"]]}], "text": "when", "opts": [[0.7, [64, 255, 64], "add"], [1.3, [255, 64, 64], "del"]]}, {"type": "selector", "pos": [596.1358476972916, 510.3294371634622], "size": {"min": 50, "max": 50, "cur": 50}, "color": [169, 137, 159], "children": [{"type": "selector", "pos": [773.0148962192709, 604.9257897415812], "size": {"min": 50, "max": 50, "cur": 50}, "color": [130, 149, 140], "children": [{"type": "selector", "pos": [741.3167301102432, 422.2493201798518], "size": {"min": 50, "max": 50, "cur": 50}, "color": [156, 149, 152], "children": [{"type": "selector", "pos": [931.2849722436363, 487.93841114870577], "size": {"min": 50, "max": 50, "cur": 50}, "color": [159, 144, 146], "children": [], "text": "[ n,dec,x ]", "opts": [[0.7, [64, 255, 64], "add"], [1.3, [255, 64, 64], "del"]]}, {"type": "selector", "pos": [924.1655485656884, 379.7800223741135], "size": {"min": 50, "max": 50, "cur": 50}, "color": [170, 138, 134], "children": [], "text": "[ x,dec,y ]", "opts": [[0.7, [64, 255, 64], "add"], [1.3, [255, 64, 64], "del"]]}], "text": "cat", "opts": [[0.7, [64, 255, 64], "add"], [1.3, [255, 64, 64], "del"]]}, {"type": "selector", "pos": [974.6330756220264, 626.412484996807], "size": {"min": 50, "max": 50, "cur": 50}, "color": [160, 172, 140], "children": [{"type": "selector", "pos": [1123.9109772354714, 497.50320583618026], "size": {"min": 50, "max": 50, "cur": 51}, "color": [172, 164, 146], "children": [], "text": "[ x y fib ]", "opts": [[0.7, [64, 255, 64], "add"], [1.3, [255, 64, 64], "del"]]}, {"type": "selector", "pos": [1167.1890532563168, 646.0962193147091], "size": {"min": 50, "max": 50, "cur": 77}, "color": [142, 151, 171], "children": [], "text": "[ swap fib add ]", "opts": [[0.7, [64, 255, 64], "add"], [1.3, [255, 64, 64], "del"]]}], "text": "cat", "opts": [[0.7, [64, 255, 64], "add"], [1.3, [255, 64, 64], "del"]]}], "text": "cat", "opts": [[0.7, [64, 255, 64], "add"], [1.3, [255, 64, 64], "del"]]}, {"type": "selector", "pos": [453.07324061270475, 648.0076980217739], "size": {"min": 50, "max": 50, "cur": 50}, "color": [171, 166, 150], "children": [{"type": "selector", "pos": [322.54593652472033, 510.47209649204484], "size": {"min": 50, "max": 50, "cur": 50}, "color": [127, 166, 157], "children": [{"type": "selector", "pos": [148.29420965048374, 567.9114542795138], "size": {"min": 50, "max": 50, "cur": 50}, "color": [137, 154, 129], "children": [], "text": "n", "opts": [[0.7, [64, 255, 64], "add"], [1.3, [255, 64, 64], "del"]]}, {"type": "selector", "pos": [212.93558087617095, 657.3793453794509], "size": {"min": 50, "max": 50, "cur": 50}, "color": [161, 154, 166], "children": [], "text": "2", "opts": [[0.7, [64, 255, 64], "add"], [1.3, [255, 64, 64], "del"]]}], "text": "lt", "opts": [[0.7, [64, 255, 64], "add"], [1.3, [255, 64, 64], "del"]]}], "text": "not", "opts": [[0.7, [64, 255, 64], "add"], [1.3, [255, 64, 64], "del"]]}], "text": "when", "opts": [[0.7, [64, 255, 64], "add"], [1.3, [255, 64, 64], "del"]]}], "text": "quote", "opts": [[0.7, [64, 255, 64], "add"], [1.3, [255, 64, 64], "del"]]}], "text": "id,fib", "opts": [[0.7, [64, 255, 64], "add"], [1.3, [255, 64, 64], "del"]]}, {"type": "selector", "pos": [239.7759253884952, 194.65594289764277], "size": {"min": 50, "max": 50, "cur": 50}, "color": [173, 146, 144], "children": [{"type": "selector", "pos": [73.27006323195741, 120.19975325355861], "size": {"min": 50, "max": 50, "cur": 50}, "color": [132, 172, 165], "children": [{"type": "selector", "pos": [242.41152598315483, 16.89037215516761], "size": {"min": 50, "max": 50, "cur": 50}, "color": [173, 142, 144], "children": [], "text": "15", "opts": [[0.7, [64, 255, 64], "add"], [1.3, [255, 64, 64], "del"]]}], "text": "fib", "opts": [[0.7, [64, 255, 64], "add"], [1.3, [255, 64, 64], "del"]]}], "text": "", "opts": [[0.7, [64, 255, 64], "add"], [1.3, [255, 64, 64], "del"]]}], "text": "", "opts": [[0.7, [64, 255, 64], "add"], [1.3, [255, 64, 64], "del"]]}]}, "env": {"fib": "id,n [ n ] n 2 lt when [ n,dec,x ] [ x,dec,y ] cat [ x y fib ] [ swap fib add ] cat cat n 2 lt not when", "n": "1", "x": "1", "y": "0", "": "10"}}